CustomerID;Age;Gender;Tenure;MonthlyCharges;ContractType;InternetService;TotalCharges;TechSupport;Churn
1;49;2;4;88,35;1;2;353,4;1;1
2;43;2;0;36,67;1;2;0;1;1
3;51;1;2;63,79;1;2;127,58;0;1
4;60;1;8;102,34;2;1;818,72;1;1
5;42;2;32;69,01;1;3;2208,32;0;1
6;42;1;16;119,75;3;1;1916;1;1
7;60;2;14;80,32;2;3;1124,48;0;1
8;52;1;6;58,90;2;3;353,4;0;1
9;40;1;53;49,81;3;2;26.399.300.000.000.000;1;0
10;50;1;10;61,55;1;2;615,5;1;1
11;40;1;1;63,53;1;2;63,53;1;1
12;40;1;19;36,18;2;2;687,42;1;0
13;47;2;2;63,26;3;3;126,52;0;1
14;25;1;8;71,78;2;3;574,24;0;1
15;27;2;14;95,05;1;2;1330,7;1;1
16;39;1;41;89,11;3;2;36.535.099.999.999.900;1;0
17;34;1;13;93,79;1;3;1219,27;0;1
18;48;1;24;30,75;3;3;738;0;1
19;35;2;98;49,59;3;2;4.859.820.000.000.000;1;0
20;30;1;2;89,55;1;2;179,1;0;1
21;59;1;6;73,56;2;1;441,36;0;1
22;42;1;10;30,48;1;3;304,8;0;1
23;45;2;10;102,40;1;1;1024;1;1
24;30;2;10;99,55;2;2;995,5;1;1
25;39;2;47;79,36;2;1;3729,92;1;0
26;46;2;25;35,98;3;1;8.994.999.999.999.990;1;0
27;33;1;18;98,99;2;2;1781,82;1;0
28;48;2;7;82,53;1;3;577,71;0;1
29;38;1;34;100,38;3;1;3412,92;1;1
30;42;2;62;97,66;3;2;6054,92;1;0
31;38;2;34;102,27;1;1;3477,18;0;1
32;63;1;0;76,62;3;1;0;1;1
33;44;1;20;42,63;1;2;852,6;1;1
34;34;1;1;90,40;3;2;90,4;1;1
35;53;1;5;85,84;1;1;42.920.000.000.000.000;1;1
36;32;1;1;96,80;1;2;96,8;0;1
37;47;2;18;45,29;1;1;815,22;1;1
38;25;1;23;47,55;2;2;10.936.499.999.999.900;1;0
39;31;1;2;110,14;1;3;220,28;0;1
40;46;1;9;97,50;1;3;877,5;0;1
41;52;2;12;111,74;2;2;13.408.799.999.999.900;1;1
42;46;1;9;98,28;3;2;884,52;1;1
43;43;2;2;83,74;1;3;167,48;0;1
44;41;2;10;88,87;1;1;888,7;1;1
45;30;2;27;110,02;1;3;2970,54;0;1
46;37;2;1;82,09;1;3;82,09;0;1
47;40;1;1;86,92;3;1;86,92;1;1
48;55;1;8;44,08;3;1;352,64;0;1
49;48;1;56;72,65;2;3;40.684.000.000.000.000;0;1
50;27;2;22;94,48;1;2;2078,56;1;1
51;48;2;22;54,38;2;1;11.963.600.000.000.000;1;0
52;41;2;8;48,20;2;1;385,6;0;1
53;38;1;18;58,24;3;2;1048,32;1;0
54;51;2;0;51,74;2;2;0;0;1
55;55;1;20;49,34;2;3;9.868.000.000.000.000;0;1
56;54;1;48;68,24;2;3;32.755.199.999.999.900;0;1
57;36;2;18;111,71;1;1;2010,78;1;1
58;41;1;41;75,64;3;2;31.012.400.000.000.000;1;0
59;48;1;25;46,91;2;2;1172,75;0;1
60;54;1;2;36,93;2;2;73,86;0;1
61;40;1;46;92,65;1;1;4.261.900.000.000.000;1;1
62;43;2;1;64,45;2;3;64,45;0;1
63;33;2;15;103,96;2;3;15.593.999.999.999.900;0;1
64;33;1;3;89,36;1;2;268,08;1;1
65;53;1;0;101,66;1;2;0;1;1
66;58;2;10;54,48;2;1;544,8;1;1
67;44;1;6;92,31;2;2;553,86;1;1
68;55;1;13;53,77;2;2;699,01;1;0
69;48;1;17;114,52;1;2;1946,84;1;1
70;38;2;0;87,27;2;3;0;0;1
71;48;1;2;59,21;1;2;118,42;1;1
72;60;1;16;54,26;1;2;868,16;1;1
73;44;2;8;47,18;1;3;377,44;0;1
74;60;2;26;92,52;1;1;2405,52;0;1
75;18;1;21;49,68;1;2;1043,28;1;1
76;53;2;37;83,58;1;2;3092,46;1;1
77;45;1;23;53,82;1;2;1237,86;0;1
78;42;1;11;89,58;1;3;985,38;0;1
79;45;2;22;103,34;2;2;2273,48;1;1
80;25;1;6;100,02;1;3;600,12;0;1
81;42;2;7;98,48;1;2;689,36;0;1
82;48;1;31;46,90;3;2;14.538.999.999.999.900;0;1
83;59;2;11;37,95;1;3;41.745.000.000.000.000;0;1
84;39;1;32;92,91;2;1;2973,12;0;1
85;36;2;34;63,15;1;1;2147,1;1;1
86;39;2;38;68,91;1;2;2618,58;1;1
87;54;1;49;32,80;2;1;16.071.999.999.999.900;1;0
88;48;2;11;53,36;2;1;586,96;1;1
89;39;1;7;33,03;3;2;231,21;1;1
90;50;2;17;109,13;2;2;1855,21;1;1
91;45;1;9;51,91;3;2;46.718.999.999.999.900;1;1
92;54;2;18;80,16;1;3;14.428.799.999.999.900;0;1
93;37;1;24;33,51;1;2;804,24;1;1
94;41;2;23;90,02;1;3;2070,46;0;1
95;41;2;9;59,07;1;1;531,63;1;1
96;30;2;3;110,81;2;2;332,43;1;1
97;47;2;11;109,93;2;3;1209,23;0;1
98;47;1;3;59,28;1;2;177,84;1;1
99;45;2;44;111,09;3;3;4887,96;0;1
100;42;1;8;119,65;3;2;957,2;1;1
101;30;2;3;104,29;1;1;312,87;1;1
102;40;2;0;106,04;1;2;0;1;1
103;41;1;20;52,41;1;2;10.481.999.999.999.900;1;1
104;36;1;20;81,90;1;3;1638;0;1
105;43;2;8;36,05;1;1;288,4;1;1
106;49;2;1;38,54;2;3;38,54;0;1
107;63;2;10;119,90;1;3;1199;0;1
108;46;1;7;59,40;1;1;415,8;0;1
109;47;1;22;97,34;3;2;2141,48;1;0
110;44;2;18;102,60;2;3;1846,8;0;1
111;25;1;9;107,22;3;3;964,98;0;1
112;44;1;4;119,79;1;2;479,16;1;1
113;45;1;88;51,73;1;2;4552,24;1;1
114;69;1;12;33,63;2;2;40.356.000.000.000.000;0;1
115;43;2;23;67,01;1;2;1541,23;1;1
116;48;2;3;41,71;1;1;125,13;1;1
117;44;2;13;32,02;2;3;41.626.000.000.000.000;0;1
118;33;2;0;62,44;2;1;0;1;1
119;56;1;14;100,54;1;1;14.075.600.000.000.000;1;1
120;52;1;66;80,96;1;2;5343,36;1;1
121;52;2;9;58,15;1;2;523,35;1;1
122;35;2;0;88,89;1;2;0;0;1
123;59;2;0;50,88;1;2;0;0;1
124;30;1;9;31,29;1;2;281,61;1;1
125;50;2;3;98,79;1;1;296,37;0;1
126;66;1;0;86,14;3;2;0;1;1
127;35;2;28;98,61;2;3;2761,08;0;1
128;39;2;12;33,50;2;2;402;1;0
129;45;1;6;105,34;1;2;632,04;1;1
130;39;1;46;85,76;1;2;3944,96;1;1
131;29;2;2;80,71;1;3;161,42;0;1
132;45;1;62;86,22;1;1;5345,64;0;1
133;34;1;7;107,80;1;2;754,6;1;1
134;49;1;43;82,82;2;3;35.612.599.999.999.900;0;1
135;35;2;18;82,29;2;2;1481,22;0;1
136;60;1;35;119,16;2;1;4.170.599.999.999.990;0;1
137;37;1;82;98,11;1;2;80.450.199.999.999.900;0;1
138;41;1;6;69,81;3;1;418,86;1;1
139;53;2;64;93,67;1;2;5994,88;0;1
140;32;2;9;65,03;1;3;585,27;0;1
141;47;2;9;50,60;1;1;45.540.000.000.000.000;1;1
142;58;1;8;83,72;2;3;669,76;0;1
143;28;2;15;113,54;3;1;17.031.000.000.000.000;1;1
144;46;1;3;113,62;1;3;340,86;0;1
145;47;1;16;60,77;3;2;972,32;1;0
146;52;2;15;77,49;3;1;1162,35;1;0
147;32;1;28;49,05;1;1;13.733.999.999.999.900;0;1
148;31;2;35;119,61;1;3;4186,35;0;1
149;50;1;11;118,30;1;1;1301,3;1;1
150;47;2;7;88,46;3;1;6.192.199.999.999.990;1;1
151;47;1;6;102,40;1;2;6.144.000.000.000.000;0;1
152;48;1;4;94,36;2;2;377,44;1;1
153;38;1;1;83,38;1;2;83,38;1;1
154;47;1;8;34,80;2;1;278,4;1;1
155;47;1;6;70,93;1;1;42.558.000.000.000.000;0;1
156;37;1;67;90,73;2;1;6078,91;0;1
157;63;1;16;90,98;3;1;1455,68;1;0
158;49;1;8;63,58;3;2;508,64;1;1
159;33;2;17;114,75;3;3;1950,75;0;1
160;51;1;2;45,06;1;1;90,12;1;1
161;35;1;11;75,03;2;2;825,33;1;1
162;52;1;19;92,18;1;2;1751,42;1;1
163;56;2;13;92,74;1;3;1205,62;0;1
164;36;1;10;88,38;2;3;883,8;0;1
165;54;2;101;54,78;1;3;5532,78;0;1
166;49;1;42;44,06;2;1;1850,52;1;0
167;53;2;19;87,23;3;1;16.573.700.000.000.000;0;1
168;63;1;16;83,94;1;2;1343,04;1;1
169;42;1;19;46,14;2;1;876,66;0;1
170;37;2;4;93,46;1;2;373,84;1;1
171;36;1;10;70,97;1;3;709,7;0;1
172;36;2;0;90,10;1;3;0;0;1
173;44;1;12;105,36;3;3;1264,32;0;1
174;48;1;15;45,28;3;2;679,2;0;1
175;47;1;5;31,72;3;2;158,6;1;1
176;53;1;66;100,12;3;2;6607,92;0;1
177;45;1;48;84,87;1;1;4073,76;1;1
178;59;2;25;92,97;1;3;2324,25;0;1
179;42;2;15;105,43;2;1;1581,45;0;1
180;72;1;40;102,25;1;2;4090;0;1
181;51;1;2;116,48;1;2;232,96;1;1
182;36;1;31;78,23;1;2;2425,13;1;1
183;34;1;2;73,96;2;3;147,92;0;1
184;49;2;31;66,17;2;2;2051,27;1;0
185;42;1;6;43,83;1;3;262,98;0;1
186;52;2;41;81,53;1;1;3342,73;1;1
187;49;1;57;54,93;2;2;31.310.099.999.999.900;1;0
188;44;2;3;112,92;2;3;338,76;0;1
189;36;2;12;82,49;1;2;9.898.799.999.999.990;1;1
190;29;2;79;83,36;2;3;6585,44;0;1
191;40;2;13;61,94;1;1;805,22;0;1
192;53;1;39;34,68;1;2;1352,52;1;1
193;47;2;17;32,86;2;2;558,62;1;0
194;32;2;9;68,10;2;3;612,9;0;1
195;46;2;6;37,61;1;1;225,66;1;1
196;48;2;4;84,62;2;3;338,48;0;1
197;36;2;28;109,29;2;2;30.601.200.000.000.000;1;1
198;46;2;9;109,46;2;1;985,14;1;1
199;45;1;14;89,31;2;2;12.503.400.000.000.000;0;1
200;33;1;13;49,01;2;2;637,13;1;0
201;48;1;17;107,67;1;2;1830,39;1;1
202;50;2;40;109,75;1;3;4390;0;1
203;55;2;78;47,70;1;2;37.206.000.000.000.000;1;1
204;55;1;10;96,37;1;2;963,7;0;1
205;31;1;35;55,79;2;2;19.526.499.999.999.900;1;0
206;35;2;28;102,24;2;1;2862,72;1;1
207;50;2;17;119,75;1;1;2035,75;1;1
208;50;2;62;32,70;1;2;2027,4;1;1
209;50;2;4;110,76;1;2;443,04;1;1
210;83;2;2;86,04;1;1;172,08;0;1
211;50;1;38;117,60;2;2;4468,8;0;1
212;56;1;11;71,85;1;2;7.903.499.999.999.990;0;1
213;54;1;37;106,26;2;1;39.316.200.000.000.000;0;1
214;51;1;44;35,62;3;2;1567,28;1;0
215;41;1;1;60,18;1;1;60,18;1;1
216;52;1;42;36,03;1;3;1513,26;0;1
217;37;1;11;117,78;1;3;1295,58;0;1
218;42;2;14;103,53;2;3;1449,42;0;1
219;40;2;19;106,73;2;1;20.278.700.000.000.000;1;1
220;45;2;52;114,42;1;3;5949,84;0;1
221;68;1;0;37,66;2;3;0;0;1
222;26;1;12;64,70;3;3;7.764.000.000.000.000;0;1
223;51;2;23;36,39;1;1;836,97;0;1
224;28;1;25;48,97;1;2;1224,25;1;1
225;40;2;23;50,64;3;3;1164,72;0;1
226;55;1;2;72,22;2;2;144,44;1;1
227;45;2;7;54,17;3;2;379,19;0;1
228;34;2;8;39,09;2;2;312,72;1;1
229;37;1;32;45,07;3;2;1442,24;1;0
230;51;2;6;43,25;1;1;259,5;0;1
231;37;2;4;117,58;2;2;470,32;1;1
232;47;2;63;98,34;3;1;6195,42;0;1
233;45;1;0;117,10;2;2;0;1;1
234;38;1;122;69,58;1;1;8488,76;0;1
235;66;2;22;55,05;1;2;1211,1;1;1
236;51;1;35;101,85;1;1;3564,75;0;1
237;24;1;6;59,36;1;2;35.615.999.999.999.900;0;1
238;46;2;0;56,94;1;3;0;0;1
239;38;2;26;50,93;2;1;1324,18;1;0
240;53;2;35;41,67;2;1;1458,45;1;0
241;37;2;26;53,08;1;1;1380,08;1;1
242;43;1;3;61,98;2;3;185,94;0;1
243;50;2;28;90,66;1;2;2538,48;1;1
244;53;1;29;35,63;1;2;1033,27;1;1
245;32;1;21;48,95;1;1;1027,95;1;1
246;41;2;29;102,81;2;2;29.814.900.000.000.000;0;1
247;40;1;37;43,22;1;3;15.991.399.999.999.900;0;1
248;38;2;19;60,84;1;3;1155,96;0;1
249;62;1;1;107,82;1;2;107,82;1;1
250;49;1;13;43,94;3;1;571,22;1;0
251;32;1;1;37,45;1;1;37,45;1;1
252;54;1;10;73,61;2;1;736,1;1;1
253;66;2;10;57,22;2;1;572,2;1;1
254;55;1;1;80,71;2;1;80,71;1;1
255;29;1;8;102,34;3;1;818,72;1;1
256;40;1;2;42,34;1;2;84,68;1;1
257;57;1;33;82,26;1;3;27.145.800.000.000.000;0;1
258;37;1;59;75,50;3;2;4454,5;1;0
259;49;2;1;42,97;1;3;42,97;0;1
260;52;2;62;86,16;2;3;5341,92;0;1
261;35;1;14;54,63;2;1;764,82;1;0
262;44;2;7;73,91;2;3;517,37;0;1
263;12;1;1;37,40;3;1;37,4;0;1
264;34;1;13;71,36;3;2;927,68;0;1
265;42;2;31;57,58;2;2;1784,98;1;0
266;32;2;24;104,01;1;3;24.962.400.000.000.000;0;1
267;61;1;1;35,13;3;1;35,13;1;1
268;30;2;1;67,67;1;1;67,67;1;1
269;40;1;10;71,26;1;3;712,6;0;1
270;46;2;6;95,25;3;1;571,5;1;1
271;59;1;5;81,69;1;2;408,45;1;1
272;30;2;6;90,05;1;3;540,3;0;1
273;56;1;32;99,93;1;3;3197,76;0;1
274;45;2;52;107,60;3;3;5595,2;0;1
275;35;1;10;58,25;2;3;582,5;0;1
276;49;2;47;78,42;2;1;36.857.400.000.000.000;1;0
277;46;1;7;105,61;1;3;739,27;0;1
278;38;1;12;119,05;2;2;1428,6;0;1
279;45;2;5;110,06;2;2;550,3;1;1
280;41;2;20;63,43;1;1;1268,6;0;1
281;46;2;77;47,56;1;2;36.621.200.000.000.000;0;1
282;51;1;18;74,05;1;3;13.328.999.999.999.900;0;1
283;60;1;8;96,75;3;3;774;0;1
284;32;1;20;74,33;2;2;1486,6;1;0
285;66;2;2;73,49;3;1;146,98;0;1
286;25;2;43;105,44;1;2;4533,92;0;1
287;43;1;13;62,53;2;3;812,89;0;1
288;50;1;11;107,38;2;3;11.811.799.999.999.900;0;1
289;47;1;17;66,61;2;2;1132,37;1;0
290;38;2;19;59,54;3;1;1131,26;1;0
291;42;1;1;70,86;1;2;70,86;1;1
292;40;2;22;98,62;1;2;21.696.400.000.000.000;1;1
293;39;2;5;41,34;2;3;20.670.000.000.000.000;0;1
294;53;1;25;47,68;2;2;1192;0;1
295;48;1;34;115,63;2;2;3931,42;1;1
296;38;1;32;45,79;1;2;1465,28;1;1
297;53;2;16;81,10;2;1;1297,6;1;0
298;48;2;14;82,14;1;3;1149,96;0;1
299;53;1;3;74,07;1;2;22.220.999.999.999.900;0;1
300;51;1;29;88,03;2;2;2552,87;1;0
301;36;2;6;50,68;2;2;304,08;1;1
302;39;2;13;79,74;1;2;1036,62;1;1
303;52;2;6;63,50;1;2;381;0;1
304;51;1;2;89,55;1;3;179,1;0;1
305;44;2;19;42,71;1;1;811,49;1;1
306;46;2;1;81,38;2;2;81,38;1;1
307;57;2;27;46,67;3;1;12.600.900.000.000.000;1;0
308;39;2;7;55,08;1;2;385,56;0;1
309;50;2;0;49,68;2;1;0;1;1
310;42;1;14;46,46;3;2;650,44;1;0
311;42;2;0;104,31;3;3;0;0;1
312;55;1;6;55,71;1;3;334,26;0;1
313;53;2;24;113,44;3;2;2722,56;0;1
314;53;1;1;117,29;1;2;117,29;1;1
315;58;1;36;81,41;1;1;29.307.599.999.999.900;0;1
316;45;1;0;42,87;1;2;0;0;1
317;51;1;5;63,71;1;3;318,55;0;1
318;41;2;27;101,80;1;1;2748,6;1;1
319;48;2;7;63,07;1;2;441,49;1;1
320;43;1;2;37,83;1;3;75,66;0;1
321;45;1;8;80,11;3;3;640,88;0;1
322;50;1;6;106,06;3;1;636,36;1;1
323;36;1;36;101,63;1;2;3658,68;1;1
324;65;1;7;45,76;3;1;320,32;0;1
325;34;2;31;90,55;3;1;28.070.499.999.999.900;1;0
326;32;2;44;49,85;2;3;2193,4;0;1
327;56;1;11;49,64;1;3;546,04;0;1
328;52;1;48;108,67;2;3;5216,16;0;1
329;51;2;9;52,47;3;1;472,23;0;1
330;51;1;66;53,69;2;3;3543,54;0;1
331;44;2;1;30,06;1;2;30,06;0;1
332;36;1;23;108,36;2;2;2492,28;1;1
333;45;2;13;101,33;2;2;1317,29;1;1
334;38;2;9;86,46;2;1;778,14;1;1
335;54;1;20;97,52;1;3;19.503.999.999.999.900;0;1
336;43;2;24;43,68;1;2;1048,32;1;1
337;36;1;0;71,25;3;1;0;1;1
338;41;1;3;61,61;3;1;18.482.999.999.999.900;1;1
339;49;1;24;38,44;1;1;922,56;1;1
340;39;2;21;73,75;3;1;1548,75;1;0
341;36;2;67;112,87;1;2;7562,29;0;1
342;47;2;28;33,61;2;3;9.410.799.999.999.990;0;1
343;47;1;60;56,23;2;1;33.737.999.999.999.900;1;0
344;39;1;24;48,68;3;1;1168,32;1;0
345;40;1;7;51,43;3;2;360,01;0;1
346;47;1;2;111,76;1;3;223,52;0;1
347;30;1;30;72,13;3;2;21.638.999.999.999.900;1;0
348;30;1;20;71,97;1;2;1439,4;0;1
349;37;2;0;98,45;2;2;0;1;1
350;42;1;8;43,90;2;1;351,2;1;1
351;48;2;62;73,85;2;1;4578,7;0;1
352;59;1;13;68,70;1;3;893,1;0;1
353;53;1;11;83,72;3;2;920,92;1;1
354;43;1;12;119,96;1;2;1439,52;0;1
355;44;2;4;99,25;1;3;397;0;1
356;34;2;9;65,81;2;2;592,29;0;1
357;44;2;9;104,48;1;1;940,32;1;1
358;42;2;1;45,36;3;2;45,36;1;1
359;48;2;29;32,74;1;1;949,46;1;1
360;36;1;10;48,40;1;1;484;1;1
361;50;1;34;60,64;3;2;2061,76;1;0
362;60;2;37;75,95;2;3;2810,15;0;1
363;43;2;4;85,36;1;3;341,44;0;1
364;49;2;21;111,95;2;2;23.509.500.000.000.000;1;1
365;51;1;12;75,89;2;1;9.106.800.000.000.000;1;0
366;40;1;42;75,11;2;1;3154,62;1;0
367;47;1;4;34,52;1;3;138,08;0;1
368;45;1;22;33,14;3;2;729,08;0;1
369;45;1;18;79,60;3;2;1432,8;0;1
370;37;1;6;69,44;2;3;416,64;0;1
371;45;2;2;105,53;1;3;211,06;0;1
372;49;1;21;44,46;3;3;933,66;0;1
373;59;2;26;32,25;2;1;838,5;1;0
374;54;1;7;70,41;2;3;492,87;0;1
375;66;2;20;51,37;1;3;10.273.999.999.999.900;0;1
376;37;1;10;34,47;3;1;344,7;0;1
377;53;1;24;95,21;2;2;2285,04;1;0
378;46;1;4;40,04;1;2;160,16;1;1
379;66;1;44;84,75;1;3;3729;0;1
380;36;2;6;55,29;3;1;331,74;0;1
381;36;2;9;45,61;1;2;410,49;1;1
382;39;2;1;64,18;3;1;64,18;1;1
383;23;2;2;102,13;2;3;204,26;0;1
384;39;1;14;65,29;2;1;9.140.600.000.000.000;1;0
385;37;2;6;97,57;1;1;585,42;1;1
386;46;1;36;41,29;1;2;1486,44;1;1
387;48;1;0;99,55;3;3;0;0;1
388;63;1;9;51,32;1;1;461,88;1;1
389;54;2;8;90,97;2;1;727,76;1;1
390;39;1;0;80,92;1;3;0;0;1
391;36;1;2;113,62;1;2;227,24;1;1
392;49;1;10;64,86;1;3;648,6;0;1
393;31;1;13;35,95;2;1;467,35;1;0
394;63;1;10;31,72;3;2;317,2;1;1
395;56;2;15;104,42;1;1;1566,3;0;1
396;40;1;18;77,23;1;1;1390,14;1;1
397;27;2;0;99,77;1;2;0;1;1
398;58;2;12;51,10;2;2;613,2;0;1
399;43;2;66;61,06;1;3;4029,96;0;1
400;57;2;14;32,71;3;2;457,94;0;1
401;29;2;22;116,53;2;2;2563,66;1;1
402;39;2;7;90,11;2;2;630,77;1;1
403;45;1;29;113,99;1;3;3305,71;0;1
404;45;1;29;53,89;3;1;1562,81;1;0
405;40;1;14;85,03;1;1;1190,42;1;1
406;51;2;74;91,06;1;2;67.384.400.000.000.000;0;1
407;34;2;2;58,58;2;2;117,16;1;1
408;43;1;0;106,33;2;1;0;1;1
409;46;2;29;115,24;1;3;3341,96;0;1
410;50;2;32;109,64;1;1;3508,48;0;1
411;52;1;2;96,52;2;3;193,04;0;1
412;33;2;6;54,97;1;1;329,82;1;1
413;29;1;0;55,35;3;2;0;1;1
414;57;1;6;116,70;2;3;700,2;0;1
415;48;2;29;30,93;1;1;896,97;1;1
416;37;2;14;94,44;1;3;13.221.599.999.999.900;0;1
417;60;1;8;93,56;1;2;748,48;0;1
418;46;2;9;86,04;2;3;774,36;0;1
419;56;2;0;119,11;2;2;0;0;1
420;45;1;7;58,07;1;2;406,49;1;1
421;65;2;20;60,60;2;1;1212;1;0
422;62;1;73;37,10;3;2;2708,3;1;0
423;42;1;37;69,85;1;1;2584,45;1;1
424;54;2;0;53,49;3;1;0;1;1
425;51;2;45;60,90;1;1;2740,5;0;1
426;58;2;30;105,11;1;2;3153,3;1;1
427;35;2;30;114,19;1;3;3425,7;0;1
428;51;2;12;46,72;1;1;560,64;1;1
429;55;1;10;63,53;1;1;635,3;1;1
430;27;2;7;113,58;1;2;795,06;1;1
431;33;1;1;35,56;3;1;35,56;1;1
432;24;1;5;38,31;3;1;191,55;1;1
433;42;1;5;44,65;2;1;223,25;0;1
434;52;1;13;83,57;1;3;10.864.099.999.999.900;0;1
435;60;2;27;43,54;1;3;1175,58;0;1
436;45;1;12;117,13;1;2;1405,56;1;1
437;61;1;1;70,20;2;2;70,2;0;1
438;31;2;63;75,14;3;2;4733,82;1;0
439;27;2;57;52,20;1;2;2975,4;1;1
440;44;1;30;72,39;1;2;2171,7;1;1
441;48;2;94;89,57;2;2;8419,58;0;1
442;44;2;15;97,61;1;1;1464,15;1;1
443;24;2;65;97,85;1;1;6360,25;1;1
444;44;2;1;82,01;2;2;82,01;0;1
445;31;1;9;111,39;2;3;1002,51;0;1
446;51;1;5;103,57;1;2;5.178.499.999.999.990;1;1
447;48;1;4;98,13;1;3;392,52;0;1
448;35;2;3;35,00;3;3;105;0;1
449;39;2;19;30,62;1;1;581,78;1;1
450;34;1;30;49,12;1;2;1473,6;0;1
451;44;2;17;89,72;1;2;1525,24;1;1
452;54;2;3;67,01;1;3;20.103.000.000.000.000;0;1
453;35;1;33;66,22;1;3;21.852.599.999.999.900;0;1
454;50;2;20;109,61;3;2;2192,2;1;1
455;39;1;9;110,60;1;1;995,4;1;1
456;37;2;22;111,83;1;3;24.602.599.999.999.900;0;1
457;43;2;6;58,25;2;1;349,5;1;1
458;34;2;8;92,20;2;3;737,6;0;1
459;39;1;49;54,45;3;3;2668,05;0;1
460;33;1;6;47,15;3;2;282,9;1;1
461;64;1;12;46,62;1;2;5.594.399.999.999.990;0;1
462;45;1;44;60,79;2;2;26.747.599.999.999.900;1;0
463;38;2;24;68,70;1;2;16.488.000.000.000.000;0;1
464;47;1;1;104,79;3;2;104,79;1;1
465;43;2;3;40,79;1;3;122,37;0;1
466;42;1;0;96,14;3;3;0;0;1
467;51;2;19;77,83;2;3;1478,77;0;1
468;52;1;11;55,92;1;1;615,12;1;1
469;39;2;2;74,35;2;3;148,7;0;1
470;39;2;63;56,99;3;3;35.903.700.000.000.000;0;1
471;42;1;15;83,65;3;1;1254,75;0;1
472;21;2;5;69,05;1;1;345,25;1;1
473;29;2;13;44,80;2;1;582,4;0;1
474;58;2;22;40,49;1;3;8.907.800.000.000.000;0;1
475;61;2;1;79,20;1;2;79,2;1;1
476;42;1;6;111,22;1;3;6.673.199.999.999.990;0;1
477;50;1;32;60,96;1;1;1950,72;1;1
478;48;1;12;95,97;3;3;11.516.399.999.999.900;0;1
479;75;1;15;89,28;1;1;1339,2;1;1
480;56;2;11;113,84;3;2;1252,24;1;1
481;43;1;0;103,89;1;2;0;0;1
482;35;2;3;80,99;1;1;24.296.999.999.999.900;1;1
483;28;2;11;89,13;1;3;980,43;0;1
484;47;1;4;110,85;1;1;443,4;1;1
485;37;2;1;65,96;1;2;65,96;1;1
486;30;1;37;59,41;1;2;2198,17;1;1
487;38;2;79;30,97;2;2;2446,63;1;0
488;34;1;31;104,39;1;1;3236,09;1;1
489;61;1;38;102,09;1;1;3879,42;0;1
490;53;1;5;39,40;1;3;197;0;1
491;44;1;64;81,92;3;1;5242,88;0;1
492;59;1;4;71,76;3;3;287,04;0;1
493;45;2;60;40,68;1;3;2440,8;0;1
494;36;1;105;118,25;1;1;12416,25;1;1
495;60;2;24;49,32;1;1;1183,68;0;1
496;50;1;79;36,05;3;2;2847,95;1;0
497;34;1;16;83,54;1;3;1336,64;0;1
498;43;1;6;96,50;1;3;579;0;1
499;36;2;11;32,92;1;2;362,12;1;1
500;31;2;18;89,28;1;3;1607,04;0;1
501;54;1;1;77,91;1;1;77,91;0;1
502;64;2;19;39,29;2;3;746,51;0;1
503;31;2;79;45,53;1;3;3596,87;0;1
504;50;2;4;81,12;2;1;324,48;1;1
505;38;1;31;56,67;1;1;1756,77;1;1
506;40;1;47;114,45;1;1;5.379.150.000.000.000;1;1
507;39;2;57;103,69;3;1;5910,33;1;1
508;36;2;64;118,52;1;3;7585,28;0;1
509;45;2;14;53,37;3;2;747,18;1;0
510;36;1;75;117,28;2;1;8796;0;1
511;47;1;28;68,81;1;2;1926,68;0;1
512;44;2;3;61,28;3;3;183,84;0;1
513;42;2;12;34,53;1;2;414,36;1;1
514;35;2;25;34,75;3;2;868,75;1;0
515;39;1;5;92,28;1;1;461,4;0;1
516;52;1;20;71,21;3;3;14.241.999.999.999.900;0;1
517;50;2;21;50,39;1;3;1058,19;0;1
518;35;2;3;85,26;2;1;25.578.000.000.000.000;0;1
519;45;2;16;52,76;2;1;844,16;1;0
520;52;1;29;81,99;3;1;2377,71;1;0
521;28;2;13;62,33;3;1;810,29;1;0
522;50;1;0;104,12;3;2;0;0;1
523;38;1;0;103,86;3;3;0;0;1
524;50;2;8;72,96;1;2;583,68;0;1
525;37;2;52;61,57;1;3;3201,64;0;1
526;26;2;5;62,63;1;2;31.315.000.000.000.000;1;1
527;28;1;20;102,51;1;3;20.502.000.000.000.000;0;1
528;45;1;5;59,54;1;3;297,7;0;1
529;47;1;7;48,82;2;1;341,74;1;1
530;35;1;37;37,62;1;2;13.919.399.999.999.900;0;1
531;51;2;26;72,00;2;2;1872;1;0
532;28;1;2;73,39;1;1;146,78;1;1
533;44;1;11;105,68;1;2;1162,48;1;1
534;32;2;0;49,91;2;2;0;1;1
535;38;1;13;64,29;2;3;8.357.700.000.000.000;0;1
536;45;1;21;102,76;2;2;2157,96;1;1
537;36;1;2;104,13;2;3;208,26;0;1
538;41;1;6;64,61;1;2;38.765.999.999.999.900;0;1
539;55;1;10;71,32;2;3;7.131.999.999.999.990;0;1
540;39;1;50;57,30;1;2;2865;1;1
541;53;2;99;113,93;1;3;11.279.070.000.000.000;0;1
542;33;2;0;40,68;1;2;0;1;1
543;50;1;28;114,04;1;2;31.931.200.000.000.000;1;1
544;59;2;9;91,55;1;2;8.239.499.999.999.990;0;1
545;20;2;9;77,84;3;2;7.005.600.000.000.000;0;1
546;37;2;28;32,94;3;1;9.223.199.999.999.990;1;0
547;50;2;50;72,80;1;1;3640;1;1
548;42;1;60;66,70;1;1;4002;1;1
549;48;1;17;44,51;1;3;756,67;0;1
550;38;2;8;89,08;1;1;712,64;1;1
551;45;2;30;117,40;3;1;3522;1;1
552;43;2;5;80,60;1;3;403;0;1
553;56;1;16;94,33;2;2;1509,28;1;0
554;47;1;8;36,16;1;2;289,28;1;1
555;48;2;21;67,59;3;1;1419,39;1;0
556;40;1;5;40,47;1;3;202,35;0;1
557;40;1;4;85,15;2;3;340,6;0;1
558;40;1;50;114,46;1;3;5723;0;1
559;48;1;2;89,56;2;2;179,12;1;1
560;40;2;14;36,91;1;3;516,74;0;1
561;47;1;4;61,92;1;1;247,68;1;1
562;65;2;0;79,56;3;1;0;1;1
563;53;1;0;66,29;3;1;0;0;1
564;41;1;3;105,03;3;2;31.509.000.000.000.000;1;1
565;57;1;40;103,32;2;2;4.132.799.999.999.990;1;1
566;40;1;6;85,06;3;2;510,36;0;1
567;24;2;60;63,61;1;1;3816,6;0;1
568;34;1;17;52,98;1;2;900,66;1;1
569;26;1;11;39,53;1;3;43.483.000.000.000.000;0;1
570;41;1;17;61,94;2;2;1052,98;1;0
571;45;2;14;67,19;1;3;940,66;0;1
572;61;2;28;90,82;1;1;2542,96;1;1
573;48;2;6;89,23;2;3;535,38;0;1
574;42;1;8;36,31;3;2;290,48;0;1
575;53;1;44;65,57;1;1;2885,08;1;1
576;22;2;58;46,36;1;1;2688,88;1;1
577;47;1;44;44,11;1;2;1940,84;1;1
578;52;1;10;104,46;1;3;1044,6;0;1
579;30;1;30;33,77;1;2;10.131.000.000.000.000;0;1
580;56;1;12;67,73;2;1;812,76;1;0
581;48;1;13;45,14;2;3;586,82;0;1
582;40;1;4;109,14;2;2;436,56;1;1
583;51;2;17;80,13;1;2;1362,21;0;1
584;67;1;4;50,82;3;2;203,28;1;1
585;46;1;8;75,22;1;1;601,76;0;1
586;47;1;38;95,83;1;2;3641,54;1;1
587;40;1;4;116,23;3;2;464,92;1;1
588;36;1;1;49,84;1;3;49,84;0;1
589;53;2;1;109,76;1;2;109,76;0;1
590;36;2;56;114,09;3;2;6389,04;0;1
591;45;2;14;112,48;1;2;1574,72;1;1
592;40;2;10;87,19;2;3;871,9;0;1
593;49;1;33;86,68;1;3;2860,44;0;1
594;48;1;36;66,29;2;2;2386,44;1;0
595;55;2;8;97,72;1;3;781,76;0;1
596;39;2;23;77,82;1;2;1789,86;0;1
597;42;1;29;90,97;2;2;2638,13;0;1
598;35;2;21;68,56;1;1;1439,76;1;1
599;40;1;3;95,83;1;2;287,49;1;1
600;48;1;41;104,20;1;1;4272,2;0;1
601;52;1;15;43,18;1;3;647,7;0;1
602;35;2;6;104,96;1;2;629,76;1;1
603;53;2;11;78,63;1;3;864,93;0;1
604;58;1;0;106,02;3;2;0;1;1
605;49;1;2;68,82;1;2;137,64;1;1
606;63;2;29;64,11;1;2;1859,19;1;1
607;37;1;0;112,36;1;1;0;1;1
608;32;2;10;52,61;1;2;526,1;1;1
609;27;1;14;105,98;3;1;1483,72;1;1
610;59;2;1;73,56;1;2;73,56;1;1
611;51;1;72;76,27;3;2;5491,44;1;0
612;44;2;5;57,76;1;3;288,8;0;1
613;47;2;7;81,57;2;1;570,99;0;1
614;33;2;7;59,27;2;1;41.489.000.000.000.000;1;1
615;69;2;5;33,53;3;2;167,65;1;1
616;46;1;0;54,48;2;3;0;0;1
617;46;1;26;30,57;2;3;794,82;0;1
618;52;2;68;118,05;1;2;8027,4;1;1
619;49;2;5;116,92;1;2;584,6;1;1
620;47;1;21;65,56;3;1;1376,76;1;0
621;37;1;27;95,55;1;3;2579,85;0;1
622;49;1;37;61,12;1;2;2261,44;0;1
623;63;2;10;90,40;2;1;904;1;1
624;58;2;7;102,49;1;2;717,43;1;1
625;60;1;7;115,21;3;1;8.064.699.999.999.990;0;1
626;39;2;24;66,02;2;3;1584,48;0;1
627;35;1;33;100,50;2;1;3316,5;1;1
628;43;2;4;53,93;3;2;215,72;1;1
629;45;1;9;119,13;1;1;1072,17;1;1
630;55;2;46;32,32;1;3;1486,72;0;1
631;28;1;32;84,32;1;3;2698,24;0;1
632;60;1;83;89,36;1;2;7416,88;1;1
633;43;1;28;91,92;2;2;2573,76;1;0
634;40;2;9;40,83;3;3;36.746.999.999.999.900;0;1
635;34;1;17;114,47;1;1;1945,99;1;1
636;28;1;21;46,31;1;2;972,51;1;1
637;53;1;1;86,05;3;1;86,05;1;1
638;45;1;15;50,04;1;3;750,6;0;1
639;32;1;24;57,65;1;2;1383,6;0;1
640;32;1;3;79,18;1;3;23.754.000.000.000.000;0;1
641;41;2;30;67,55;3;2;2026,5;1;0
642;61;1;17;44,42;2;1;755,14;0;1
643;42;1;60;45,38;2;1;2722,8;1;0
644;29;2;0;67,63;3;1;0;1;1
645;42;2;6;98,16;1;2;588,96;0;1
646;42;2;18;110,82;1;1;19.947.599.999.999.900;0;1
647;18;1;7;37,57;3;1;262,99;1;1
648;44;1;25;65,38;1;3;1634,5;0;1
649;42;1;28;39,02;2;3;10.925.600.000.000.000;0;1
650;51;1;2;31,49;3;2;62,98;0;1
651;63;2;14;89,55;2;2;1253,7;1;0
652;56;2;14;84,22;2;1;1179,08;1;0
653;42;2;9;44,67;3;2;40.203.000.000.000.000;0;1
654;33;2;54;51,04;3;3;2756,16;0;1
655;70;2;35;32,13;1;1;11.245.500.000.000.000;0;1
656;45;2;23;105,15;1;1;24.184.500.000.000.000;1;1
657;45;1;25;117,72;1;3;2943;0;1
658;44;1;12;42,19;2;2;506,28;1;0
659;46;1;50;50,83;1;1;2541,5;0;1
660;43;1;23;108,16;2;2;2487,68;1;1
661;39;1;26;113,38;1;2;2947,88;1;1
662;39;2;39;67,77;2;2;26.430.299.999.999.900;1;0
663;44;1;6;34,56;1;3;207,36;0;1
664;39;1;32;33,55;2;3;1073,6;0;1
665;37;2;4;81,66;2;2;326,64;1;1
666;46;2;8;65,36;1;3;522,88;0;1
667;42;1;8;32,58;1;2;260,64;0;1
668;60;2;76;82,49;2;3;6269,24;0;1
669;18;1;38;31,02;1;2;1178,76;1;1
670;55;1;24;100,86;1;3;2420,64;0;1
671;57;2;25;57,58;3;3;1439,5;0;1
672;24;2;16;33,62;2;1;537,92;1;0
673;41;2;58;82,95;3;3;4811,1;0;1
674;41;2;13;65,79;1;3;8.552.700.000.000.000;0;1
675;30;2;9;117,64;1;3;1058,76;0;1
676;37;1;3;78,98;3;1;236,94;1;1
677;33;2;30;54,77;2;3;16.431.000.000.000.000;0;1
678;62;1;26;93,85;2;3;2440,1;0;1
679;54;2;9;54,43;1;1;489,87;1;1
680;57;1;0;111,38;1;3;0;0;1
681;52;2;36;63,72;1;1;2293,92;0;1
682;33;2;0;79,49;1;1;0;0;1
683;39;1;24;34,55;1;2;8.291.999.999.999.990;0;1
684;49;1;70;68,35;1;2;4784,5;1;1
685;32;2;11;104,91;3;2;1154,01;1;1
686;52;1;5;102,51;1;1;5.125.500.000.000.000;1;1
687;42;2;24;50,19;2;3;1204,56;0;1
688;41;1;33;50,35;3;1;1661,55;0;1
689;52;2;15;103,56;2;1;1553,4;0;1
690;49;2;68;113,74;1;1;7734,32;1;1
691;41;1;1;38,58;2;2;38,58;1;1
692;56;1;14;70,51;2;3;9.871.400.000.000.000;0;1
693;34;2;25;60,37;2;2;1509,25;1;0
694;51;1;39;108,36;2;3;4226,04;0;1
695;50;1;3;37,52;3;1;112,56;0;1
696;41;2;32;49,00;2;2;1568;1;0
697;48;1;16;97,72;1;2;1563,52;1;1
698;32;2;10;34,62;2;2;346,2;1;1
699;54;1;2;74,33;1;1;148,66;0;1
700;43;1;40;69,79;3;2;27.916.000.000.000.000;1;0
701;39;1;3;60,10;1;2;180,3;1;1
702;55;2;7;65,51;1;3;45.857.000.000.000.000;0;1
703;37;2;6;77,69;3;2;466,14;1;1
704;30;2;41;44,52;2;1;18.253.200.000.000.000;1;0
705;29;2;22;81,48;1;2;17.925.600.000.000.000;1;1
706;51;2;31;102,49;1;1;3177,19;1;1
707;32;1;5;98,41;3;3;49.204.999.999.999.900;0;1
708;62;2;19;43,85;1;2;833,15;0;1
709;24;2;16;43,43;3;1;694,88;1;0
710;61;1;35;54,14;1;3;1894,9;0;1
711;47;2;47;62,50;2;2;2937,5;1;0
712;44;1;0;66,76;3;1;0;1;1
713;39;2;22;91,17;1;2;2005,74;1;1
714;48;1;1;35,10;1;1;35,1;1;1
715;44;2;15;33,12;1;3;49.679.999.999.999.900;0;1
716;56;2;6;65,27;2;3;391,62;0;1
717;46;1;7;92,74;2;3;649,18;0;1
718;46;2;8;47,41;2;2;379,28;1;1
719;41;1;19;87,74;1;2;1667,06;1;1
720;44;2;8;53,38;1;3;427,04;0;1
721;48;2;26;109,75;1;1;2853,5;1;1
722;27;1;10;110,61;1;2;1106,1;1;1
723;31;2;1;56,76;2;2;56,76;1;1
724;52;1;30;50,70;3;1;1521;0;1
725;46;1;6;67,02;2;2;402,12;1;1
726;43;1;11;51,65;1;3;568,15;0;1
727;45;1;23;90,51;3;3;2081,73;0;1
728;48;2;8;104,35;2;1;834,8;0;1
729;39;2;1;90,58;3;1;90,58;1;1
730;37;2;9;104,19;2;1;937,71;1;1
731;46;1;57;65,73;1;3;3746,61;0;1
732;35;1;20;44,07;1;1;881,4;0;1
733;49;2;22;96,42;2;3;21.212.400.000.000.000;0;1
734;27;1;20;62,44;1;1;1248,8;1;1
735;55;2;4;90,41;1;2;361,64;1;1
736;49;1;10;54,36;2;2;543,6;1;1
737;47;2;27;37,31;2;3;10.073.700.000.000.000;0;1
738;54;1;2;119,33;2;1;238,66;1;1
739;61;1;6;44,06;1;2;264,36;1;1
740;55;2;6;118,96;1;1;713,76;0;1
741;26;2;11;117,96;2;3;1297,56;0;1
742;32;2;78;101,44;3;3;7912,32;0;1
743;38;2;1;89,35;2;1;89,35;1;1
744;45;2;14;82,00;3;3;1148;0;1
745;50;1;3;107,95;2;2;323,85;0;1
746;37;1;70;56,05;2;1;3923,5;1;0
747;46;1;2;72,09;1;2;144,18;1;1
748;37;2;10;85,75;2;1;857,5;1;1
749;38;1;26;67,01;2;3;17.422.600.000.000.000;0;1
750;30;1;24;68,47;2;3;1643,28;0;1
751;35;2;10;59,73;1;1;597,3;0;1
752;31;1;8;80,78;2;2;646,24;1;1
753;35;1;10;106,55;1;3;1065,5;0;1
754;55;2;6;48,14;2;3;28.884.000.000.000.000;0;1
755;35;2;4;114,10;1;2;456,4;0;1
756;71;1;13;92,02;3;3;1196,26;0;1
757;49;2;6;104,09;1;2;624,54;0;1
758;46;1;6;80,06;1;2;480,36;1;1
759;36;1;21;100,16;1;3;2103,36;0;1
760;52;1;69;31,46;2;2;21.707.400.000.000.000;1;0
761;39;2;18;103,65;1;2;1865,7;0;1
762;46;2;1;33,61;1;2;33,61;1;1
763;70;1;1;110,09;2;3;110,09;0;1
764;44;1;60;119,28;1;3;7156,8;0;1
765;56;2;7;56,47;3;2;39.528.999.999.999.900;0;1
766;37;1;1;48,93;3;2;48,93;1;1
767;44;1;18;98,88;2;2;1779,84;1;0
768;62;2;19;52,77;1;2;10.026.300.000.000.000;0;1
769;38;2;20;107,90;2;1;2158;1;1
770;63;1;6;39,26;1;3;235,56;0;1
771;52;2;0;41,34;1;2;0;1;1
772;39;2;67;118,12;1;2;7914,04;1;1
773;51;2;5;90,65;3;1;453,25;1;1
774;54;2;22;106,22;1;1;2336,84;1;1
775;51;1;24;59,19;2;3;1420,56;0;1
776;29;1;18;90,88;2;2;1635,84;1;0
777;37;2;7;83,48;1;1;584,36;1;1
778;42;1;6;84,28;1;2;505,68;1;1
779;44;1;18;91,43;3;2;16.457.400.000.000.000;1;0
780;51;1;40;81,78;2;1;3271,2;1;0
781;46;2;58;68,62;2;2;3979,96;1;0
782;31;2;2;54,83;1;2;109,66;1;1
783;48;1;3;99,17;1;2;297,51;1;1
784;51;1;57;50,36;1;2;2870,52;0;1
785;50;2;26;92,31;1;2;2400,06;1;1
786;55;2;42;51,00;1;3;2142;0;1
787;53;2;4;86,28;3;2;345,12;1;1
788;49;1;17;97,24;1;1;1653,08;1;1
789;44;1;24;49,68;1;1;1192,32;1;1
790;28;1;22;35,39;2;2;778,58;1;0
791;49;2;10;41,79;2;3;417,9;0;1
792;47;1;0;84,54;1;1;0;1;1
793;47;1;17;106,45;2;3;1809,65;0;1
794;32;2;5;34,05;1;1;170,25;1;1
795;34;1;11;96,07;1;2;1056,77;1;1
796;55;1;63;60,72;1;3;3825,36;0;1
797;44;2;10;73,07;3;2;7.306.999.999.999.990;1;1
798;51;1;36;113,60;1;2;4089,6;1;1
799;45;2;4;59,88;1;1;239,52;1;1
800;45;1;22;71,88;1;3;1581,36;0;1
801;54;1;75;31,23;3;1;2342,25;0;1
802;39;1;2;37,34;1;3;74,68;0;1
803;45;1;0;53,27;1;1;0;1;1
804;40;2;11;32,51;1;3;35.760.999.999.999.900;0;1
805;40;1;1;86,82;1;2;86,82;1;1
806;41;1;27;68,38;2;3;18.462.599.999.999.900;0;1
807;47;2;49;79,33;2;2;3887,17;0;1
808;40;1;11;45,72;1;3;50.291.999.999.999.900;0;1
809;57;1;5;56,63;1;1;28.315.000.000.000.000;1;1
810;36;2;11;89,74;1;1;987,14;1;1
811;43;1;25;116,88;1;2;2922;1;1
812;40;1;0;34,54;1;1;0;1;1
813;59;2;17;110,13;2;1;1872,21;0;1
814;46;1;19;81,92;3;3;1556,48;0;1
815;55;2;20;80,75;3;3;1615;0;1
816;30;2;5;75,03;3;2;375,15;0;1
817;47;2;25;36,25;2;3;906,25;0;1
818;53;1;1;38,09;2;2;38,09;1;1
819;45;1;4;84,08;1;1;336,32;1;1
820;55;2;41;60,69;2;3;2488,29;0;1
821;39;2;26;112,55;1;2;29.262.999.999.999.900;0;1
822;59;1;0;66,59;1;3;0;0;1
823;67;2;5;42,90;2;1;214,5;1;1
824;41;1;4;94,32;1;2;377,28;1;1
825;40;1;6;56,40;1;1;338,4;0;1
826;59;1;5;77,29;3;1;38.645.000.000.000.000;1;1
827;60;1;1;92,80;1;1;92,8;1;1
828;39;2;12;111,02;1;3;1332,24;0;1
829;40;1;26;101,30;3;3;26.337.999.999.999.900;0;1
830;42;1;18;90,87;2;3;1635,66;0;1
831;31;1;22;91,17;2;2;2005,74;1;0
832;35;2;1;115,13;1;2;115,13;1;1
833;34;1;60;56,62;1;1;3397,2;1;1
834;37;2;36;30,10;3;1;10.836.000.000.000.000;0;1
835;44;2;32;54,48;2;2;1743,36;1;0
836;47;2;34;49,61;2;3;1686,74;0;1
837;60;1;53;89,57;1;2;4747,21;1;1
838;35;1;15;87,03;1;1;1305,45;1;1
839;54;1;4;83,41;3;1;333,64;1;1
840;42;1;19;31,46;1;1;597,74;0;1
841;44;2;27;95,59;2;2;25.809.300.000.000.000;0;1
842;51;1;26;59,12;1;3;1537,12;0;1
843;33;2;14;89,86;2;2;1258,04;1;0
844;48;1;1;80,09;3;3;80,09;0;1
845;46;1;9;60,85;2;2;547,65;0;1
846;49;1;50;42,11;1;2;2105,5;1;1
847;47;1;17;38,50;2;1;654,5;0;1
848;69;2;15;104,84;2;3;15.726.000.000.000.000;0;1
849;38;2;6;112,66;1;3;675,96;0;1
850;39;1;9;88,48;3;1;796,32;0;1
851;38;2;45;39,31;2;2;1768,95;0;1
852;39;2;21;66,18;3;2;13.897.800.000.000.000;1;0
853;38;1;30;95,60;2;2;2868;1;0
854;56;1;12;100,18;1;3;1202,16;0;1
855;59;2;19;40,64;1;2;772,16;0;1
856;39;2;5;30,00;1;2;150;1;1
857;36;1;24;94,09;3;1;2258,16;0;1
858;49;1;11;62,09;2;1;682,99;0;1
859;39;2;11;52,90;2;1;581,9;1;1
860;51;2;20;31,16;1;1;623,2;0;1
861;47;2;55;78,63;1;3;4324,65;0;1
862;29;2;1;106,60;2;3;106,6;0;1
863;60;2;34;116,19;1;1;3950,46;1;1
864;62;1;6;80,92;1;3;485,52;0;1
865;38;1;11;76,30;2;1;839,3;0;1
866;41;1;0;37,66;1;2;0;1;1
867;47;2;7;79,40;1;1;5.558.000.000.000.000;1;1
868;48;1;13;64,20;1;2;834,6;1;1
869;51;2;1;84,64;1;1;84,64;0;1
870;65;1;13;64,99;3;2;8.448.699.999.999.990;1;0
871;43;1;52;51,63;1;2;2684,76;0;1
872;37;2;2;38,55;1;3;77,1;0;1
873;31;1;28;58,34;1;1;1633,52;1;1
874;37;2;10;38,70;2;1;387;1;1
875;44;1;21;45,92;1;1;964,32;1;1
876;62;2;6;118,86;2;2;713,16;0;1
877;39;2;3;69,97;1;1;209,91;1;1
878;47;1;3;77,87;1;3;233,61;0;1
879;44;2;1;108,63;1;2;108,63;1;1
880;56;1;4;119,60;3;2;478,4;1;1
881;70;2;21;82,44;3;2;1731,24;0;1
882;39;1;42;103,12;1;1;4331,04;0;1
883;40;1;33;59,42;2;1;19.608.600.000.000.000;1;0
884;55;1;23;57,52;3;2;1322,96;1;0
885;51;2;2;66,24;1;2;132,48;1;1
886;63;2;6;90,53;3;1;5.431.800.000.000.000;1;1
887;50;2;7;91,40;1;1;6.398.000.000.000.000;0;1
888;41;2;5;58,37;3;3;29.184.999.999.999.900;0;1
889;50;1;14;41,99;2;1;587,86;1;0
890;56;1;15;86,92;3;3;1303,8;0;1
891;53;1;8;41,55;2;3;332,4;0;1
892;50;1;8;82,06;1;1;656,48;1;1
893;55;1;35;92,41;3;1;3234,35;1;0
894;56;1;31;93,06;1;1;2884,86;1;1
895;58;2;7;97,81;1;2;6.846.700.000.000.000;1;1
896;51;1;49;108,56;2;2;53.194.400.000.000.000;1;1
897;43;1;61;75,00;2;3;4575;0;1
898;46;1;7;95,72;3;3;670,04;0;1
899;57;2;8;85,73;1;2;685,84;0;1
900;36;2;14;46,80;2;1;6.551.999.999.999.990;1;0
901;48;2;56;32,31;2;1;18.093.600.000.000.000;1;0
902;41;1;41;55,61;1;3;22.800.099.999.999.900;0;1
903;45;1;2;69,87;1;1;139,74;0;1
904;57;2;9;85,54;1;1;769,86;0;1
905;46;1;16;106,50;1;3;1704;0;1
906;45;2;13;47,66;3;2;6.195.799.999.999.990;1;0
907;31;2;4;41,30;2;3;165,2;0;1
908;52;2;39;116,71;2;2;4551,69;1;1
909;51;1;22;39,72;3;1;8.738.399.999.999.990;0;1
910;66;1;36;73,06;1;3;2630,16;0;1
911;41;2;39;82,70;3;1;3225,3;1;0
912;47;1;27;78,72;1;2;2125,44;1;1
913;47;2;11;37,74;3;2;41.514.000.000.000.000;1;1
914;60;1;18;35,13;1;1;632,34;0;1
915;44;1;3;39,49;3;2;118,47;1;1
916;47;1;22;82,70;1;1;1819,4;1;1
917;51;2;3;78,99;1;2;23.696.999.999.999.900;1;1
918;46;1;23;51,04;2;2;1173,92;1;0
919;40;1;5;87,40;1;3;437;0;1
920;46;2;2;103,81;2;3;207,62;0;1
921;55;1;3;33,74;1;1;101,22;1;1
922;34;2;0;74,83;2;2;0;0;1
923;46;1;25;92,04;1;2;2301;0;1
924;37;2;26;52,71;1;1;1370,46;0;1
925;56;1;14;57,70;1;3;8.078.000.000.000.000;0;1
926;29;1;3;85,23;1;3;255,69;0;1
927;39;2;1;110,81;1;1;110,81;1;1
928;48;2;0;102,89;1;2;0;1;1
929;60;2;3;82,48;1;1;247,44;0;1
930;44;2;44;95,72;1;2;4211,68;0;1
931;39;2;5;62,83;2;1;314,15;0;1
932;63;1;8;87,69;3;3;701,52;0;1
933;30;2;2;71,96;1;3;143,92;0;1
934;23;2;5;47,09;2;2;23.545.000.000.000.000;1;1
935;49;1;14;93,16;2;2;1304,24;1;0
936;39;2;18;80,08;1;3;1441,44;0;1
937;34;1;5;62,28;2;2;311,4;1;1
938;52;1;1;112,02;1;1;112,02;1;1
939;47;1;9;31,88;2;2;286,92;1;1
940;39;1;5;58,42;1;3;292,1;0;1
941;32;1;4;35,12;2;2;140,48;1;1
942;53;2;64;98,99;2;2;6335,36;0;1
943;51;2;19;93,19;1;3;1770,61;0;1
944;44;2;16;59,82;1;3;957,12;0;1
945;63;1;10;90,81;3;3;908,1;0;1
946;34;2;11;65,63;1;1;721,93;0;1
947;29;1;15;98,06;2;2;1470,9;1;0
948;38;1;23;70,88;3;3;16.302.399.999.999.900;0;1
949;44;1;24;67,11;2;3;16.106.399.999.999.900;0;1
950;47;1;3;114,13;2;2;342,39;1;1
951;42;2;13;52,58;2;1;683,54;1;0
952;48;1;10;40,84;3;3;40.840.000.000.000.000;0;1
953;32;1;40;82,61;1;3;3304,4;0;1
954;59;2;19;117,24;1;1;2227,56;0;1
955;44;2;15;64,01;1;2;9.601.500.000.000.000;0;1
956;56;1;2;35,58;3;1;71,16;0;1
957;48;1;18;60,54;2;2;1089,72;1;0
958;49;1;2;75,53;1;1;151,06;0;1
959;50;1;8;44,57;3;2;356,56;1;1
960;49;1;3;89,23;1;2;267,69;1;1
961;51;1;23;119,80;1;2;2755,4;1;1
962;58;2;4;70,66;2;2;282,64;1;1
963;46;2;9;61,93;1;3;557,37;0;1
964;52;2;45;66,06;3;1;29.727.000.000.000.000;1;0
965;44;1;4;40,36;1;1;161,44;1;1
966;59;1;14;109,49;3;3;1532,86;0;1
967;38;1;10;67,33;2;1;673,3;1;1
968;63;2;0;64,85;1;3;0;0;1
969;44;1;31;89,37;3;3;27.704.700.000.000.000;0;1
970;30;1;1;69,78;2;2;69,78;1;1
971;46;1;12;88,34;1;3;1060,08;0;1
972;38;1;16;35,53;1;1;568,48;1;1
973;53;2;19;103,24;3;2;1961,56;1;1
974;38;1;23;114,65;1;2;26.369.500.000.000.000;1;1
975;40;2;5;88,39;1;2;441,95;1;1
976;26;2;0;115,91;1;3;0;0;1
977;40;1;25;43,63;1;1;1090,75;1;1
978;20;1;15;72,97;2;2;1094,55;1;0
979;29;1;36;84,16;1;2;30.297.599.999.999.900;1;1
980;52;1;34;82,36;1;2;2800,24;0;1
981;52;1;37;66,13;1;1;2446,81;1;1
982;49;1;13;60,43;1;2;785,59;1;1
983;35;1;8;41,41;3;3;331,28;0;1
984;44;2;31;65,26;1;1;20.230.600.000.000.000;1;1
985;44;2;12;44,64;3;3;5.356.800.000.000.000;0;1
986;33;2;4;96,09;1;2;384,36;1;1
987;60;2;38;48,79;1;3;1854,02;0;1
988;53;2;42;35,27;3;3;14.813.400.000.000.000;0;1
989;42;2;12;79,71;1;1;956,52;1;1
990;45;2;1;83,57;2;2;83,57;1;1
991;47;1;9;108,47;3;3;976,23;0;1
992;24;2;32;81,93;1;2;2621,76;1;1
993;42;1;46;61,09;1;3;28.101.400.000.000.000;0;1
994;38;2;4;102,27;2;2;409,08;0;1
995;34;1;1;78,63;1;1;78,63;0;1
996;42;2;41;37,14;1;2;1522,74;1;1
997;62;2;9;80,93;1;3;7.283.700.000.000.000;0;1
998;51;1;15;111,72;1;2;1675,8;1;1
999;39;2;68;65,67;2;3;4465,56;0;1
1000;50;2;1;56,67;1;3;56,67;0;1